Name,Additional notes,Date,Day,Emotions,Happiness,Month,Month Focus,Picture :),Trois Truc Bien,Week,Week Focus,Words,Year,Year Focus
MAR 26 😴,,"March 26, 2022",,,,https://www.notion.so/March-d814be04f2e84a9bbc80daedba24309d,"When bored or have left over time, Do @Untitled ",Journal%2023470/26254FAB-B48D-443F-B47F-7216CC5131B3.jpeg,,https://www.notion.so/Mar-21-Mar-27-3c28f9e59a2a4756812843cd4a283e82,,,https://www.notion.so/2022-142ec0efa2ba499787d16443a97819c3,Get organised
MAR 25 🥳,,"March 25, 2022",Fri,Excited,✪✪✪✪✪,https://www.notion.so/March-d814be04f2e84a9bbc80daedba24309d,"When bored or have left over time, Do @Untitled ","Journal%2023470/FF5FDA78-6044-44B7-BAE2-E581E22C329B.gif, Journal%2023470/E6E8C0DB-B471-4238-ACAB-D4238F76BC1E.jpeg, Journal%2023470/6AD61CE3-A817-45B1-A492-5E60967EA18D.jpeg, Journal%2023470/trim.050713DE-1842-41CF-A403-BAFB2489DD8C.mov",She really liked the gifts. There were subtitles on the movie that we saw so Sarah could follow along.,https://www.notion.so/Mar-21-Mar-27-3c28f9e59a2a4756812843cd4a283e82,,,https://www.notion.so/2022-142ec0efa2ba499787d16443a97819c3,Get organised
MAR 24,,"March 24, 2022",Thu,Not Thinking Straight,✪✪✪,https://www.notion.so/March-d814be04f2e84a9bbc80daedba24309d,"When bored or have left over time, Do @Untitled ","Journal%2023470/E5C237BD-D69B-452E-A57B-C696A02D317F.jpeg, Journal%2023470/E89D8C19-A490-454B-BB2E-624A1AE85ECE.jpeg",,https://www.notion.so/Mar-21-Mar-27-3c28f9e59a2a4756812843cd4a283e82,,,https://www.notion.so/2022-142ec0efa2ba499787d16443a97819c3,Get organised
MAR 23,,"March 23, 2022",Wed,Annoyed,✪✪✪✪,https://www.notion.so/March-d814be04f2e84a9bbc80daedba24309d,"When bored or have left over time, Do @Untitled ",Journal%2023470/11CA3DF4-0566-44DA-A8CE-35845907C87F.jpeg,,https://www.notion.so/Mar-21-Mar-27-3c28f9e59a2a4756812843cd4a283e82,,"https://www.notion.so/Aptly-dfe01d939b5947b38362300e1ea6f86d, https://www.notion.so/Savvy-87f422ec5872442889a4635644b91542",https://www.notion.so/2022-142ec0efa2ba499787d16443a97819c3,Get organised
MAR 22,,"March 22, 2022",Tue,Bored,✪✪✪✪,https://www.notion.so/March-d814be04f2e84a9bbc80daedba24309d,"When bored or have left over time, Do @Untitled ",Journal%2023470/15051894-170C-4A15-956C-FFB2C2044DF7.jpeg,"The burger was acutally really good and the fires were crisp, good value for the money",https://www.notion.so/Mar-21-Mar-27-3c28f9e59a2a4756812843cd4a283e82,,https://www.notion.so/Foray-aa43aba741ca4225b396acc4ba79ca9d,https://www.notion.so/2022-142ec0efa2ba499787d16443a97819c3,Get organised
MAR 21,,"March 21, 2022",Mon,"Bad, Frustrated, Interested, Stressed",✪✪✪,https://www.notion.so/March-d814be04f2e84a9bbc80daedba24309d,"When bored or have left over time, Do @Untitled ","Journal%2023470/167762E8-C89E-42DB-889D-0FA8398CA311.jpeg, Journal%2023470/17B7380B-A083-4D34-BC6C-6D367A181A83.jpeg",Nice sundown. It was fun to play nonetheless. The day after I didn’t feel tired.,https://www.notion.so/Mar-21-Mar-27-3c28f9e59a2a4756812843cd4a283e82,,"https://www.notion.so/Ambiguity-a52184a25c5e432c95172bbc119fdec4, https://www.notion.so/Dictum-f1e83d275a6f4436a67222d51c277563, https://www.notion.so/Axiom-f8d66120d93446bebb4d80209bf03745, https://www.notion.so/Conglomerate-afc9fe2efd574bf695c5c0e8ba9a1552",https://www.notion.so/2022-142ec0efa2ba499787d16443a97819c3,Get organised
MAR 20,,"March 20, 2022",Sun,"Content, Happy",✪✪✪✪✪,https://www.notion.so/March-d814be04f2e84a9bbc80daedba24309d,"When bored or have left over time, Do @Untitled ","Journal%2023470/5B953F38-BA05-4AB3-98BB-B6DCE3558290.jpeg, Journal%2023470/04E61C4E-25AE-471E-803B-ED894B20584D.jpeg",I found something that I really liked and had been searching for a trench coat.,https://www.notion.so/Mar-14-Mar-20-9ccbd375a2ce4c01aac948db0a5a4a83,,,https://www.notion.so/2022-142ec0efa2ba499787d16443a97819c3,Get organised
MAR 19,I want to go for walks in the morning more often,"March 19, 2022",Sat,Sick,✪✪✪,https://www.notion.so/March-d814be04f2e84a9bbc80daedba24309d,"When bored or have left over time, Do @Untitled ",Journal%2023470/49A5ED6E-8886-42E5-9200-699CB0FFAAF2.jpeg,Sarah wanted to take care of me when i was sick,https://www.notion.so/Mar-14-Mar-20-9ccbd375a2ce4c01aac948db0a5a4a83,,,https://www.notion.so/2022-142ec0efa2ba499787d16443a97819c3,Get organised
MAR 18,,"March 18, 2022",Fri,"Anxious, Bad, Frustrated, Sad",✪✪,https://www.notion.so/March-d814be04f2e84a9bbc80daedba24309d,"When bored or have left over time, Do @Untitled ",Journal%2023470/29DC9FE3-CED2-4474-BC93-026DA80F439C.gif,,https://www.notion.so/Mar-14-Mar-20-9ccbd375a2ce4c01aac948db0a5a4a83,,,https://www.notion.so/2022-142ec0efa2ba499787d16443a97819c3,Get organised
MAR 17,,"March 17, 2022",Thu,"Appreciative, Content",✪✪✪✪,https://www.notion.so/March-d814be04f2e84a9bbc80daedba24309d,"When bored or have left over time, Do @Untitled ",Journal%2023470/EB72D587-DFD9-4761-99B2-3344B576EFF0.jpeg,,https://www.notion.so/Mar-14-Mar-20-9ccbd375a2ce4c01aac948db0a5a4a83,,,https://www.notion.so/2022-142ec0efa2ba499787d16443a97819c3,Get organised
MAR 16,,"March 16, 2022",Wed,"Sad, Tired",✪✪✪,https://www.notion.so/March-d814be04f2e84a9bbc80daedba24309d,"When bored or have left over time, Do @Untitled ","Journal%2023470/402765F8-10B2-4759-87EB-D4A9E36298D2.jpeg, Journal%2023470/74718B78-1C76-40FA-8A61-DBFE65C5FADD.jpeg","Sarah wanted to make some food with me, I wasn’t sick after all, my group being understanding ",https://www.notion.so/Mar-14-Mar-20-9ccbd375a2ce4c01aac948db0a5a4a83,,https://www.notion.so/Surmountable-84fc5bcf0fe347d49f0b96be9a839910,https://www.notion.so/2022-142ec0efa2ba499787d16443a97819c3,Get organised
MAR 15,,"March 15, 2022",Tue,Content,✪✪✪✪,https://www.notion.so/March-d814be04f2e84a9bbc80daedba24309d,"When bored or have left over time, Do @Untitled ",Journal%2023470/5FD60D96-15CC-4463-B197-CC0E72BDF605.gif,,https://www.notion.so/Mar-14-Mar-20-9ccbd375a2ce4c01aac948db0a5a4a83,,,https://www.notion.so/2022-142ec0efa2ba499787d16443a97819c3,Get organised
MAR 14,,"March 14, 2022",Mon,Free,✪✪✪✪✪,https://www.notion.so/March-d814be04f2e84a9bbc80daedba24309d,"When bored or have left over time, Do @Untitled ","Journal%2023470/396A0888-E0F0-4FA6-BBA3-5076D9A638CD.jpeg, Journal%2023470/6D853E07-8BAC-43B1-8B4B-EF0058037AB1.jpeg",I like how compatable Sarah and I are by doing homework,https://www.notion.so/Mar-14-Mar-20-9ccbd375a2ce4c01aac948db0a5a4a83,,,https://www.notion.so/2022-142ec0efa2ba499787d16443a97819c3,Get organised
Mar 13,,"March 13, 2022",Sun,"Anxious, Appreciative, Happy",✪✪✪✪✪✪,https://www.notion.so/March-d814be04f2e84a9bbc80daedba24309d,"When bored or have left over time, Do @Untitled ","Journal%2023470/B18DFF47-82D8-4569-B1D9-7C709BD28F02.jpeg, Journal%2023470/79239CA0-B6F0-4C67-91DB-527478CA93AD.gif","Super Happy Manas wanted to go get the new Mac with me, I was hyggeligt to eat with Manas",https://www.notion.so/Mar-7-Mar-13-aab55fe980394a9da1fc8bef0751925e,,https://www.notion.so/Erroneous-5f4ff9ffff894c2f8c69312ff6badfc5,https://www.notion.so/2022-142ec0efa2ba499787d16443a97819c3,Get organised
Mar 12,,"March 12, 2022",Sat,Appreciative,✪✪✪✪,https://www.notion.so/March-d814be04f2e84a9bbc80daedba24309d,"When bored or have left over time, Do @Untitled ",Journal%2023470/C04AF14A-7E06-495D-9E55-830764BC2953.gif,,,,,https://www.notion.so/2022-142ec0efa2ba499787d16443a97819c3,Get organised
MAR 11,,"March 11, 2022",Fri,"Exhausted, Interested, Tired",✪✪✪✪,https://www.notion.so/March-d814be04f2e84a9bbc80daedba24309d,"When bored or have left over time, Do @Untitled ",,"Happy that my collegues wanted to share some knowledge with me, Sarah wanted to wait for me to go home together, people really wanted to have me into town even though i wasnt too much of it.",https://www.notion.so/Mar-7-Mar-13-aab55fe980394a9da1fc8bef0751925e,,,https://www.notion.so/2022-142ec0efa2ba499787d16443a97819c3,Get organised
MAR 10,If i still Think abort getting a new computer on next Friday then I will buy it,"March 10, 2022",Thu,"Appreciative, Content, Frustrated, Happy",✪✪✪✪✪,https://www.notion.so/March-d814be04f2e84a9bbc80daedba24309d,"When bored or have left over time, Do @Untitled ","Journal%2023470/E8E6AE7D-362C-453B-8A53-93727C61F88C.jpeg, Journal%2023470/1D1ADDE5-B14F-4CF5-8E50-A13540A09104.gif, Journal%2023470/A8519313-E591-4CD7-9FCA-1807DFE6500D.jpeg",Sarah wrote the cutest mesage EVER to me,https://www.notion.so/Mar-7-Mar-13-aab55fe980394a9da1fc8bef0751925e,,,https://www.notion.so/2022-142ec0efa2ba499787d16443a97819c3,Get organised
MAR 9,,"March 9, 2022",Wed,"Sad, Stressed",✪✪✪✪,https://www.notion.so/March-d814be04f2e84a9bbc80daedba24309d,"When bored or have left over time, Do @Untitled ","Journal%2023470/BE11E981-5262-4E67-9F89-E8DCA1479F95.jpeg, Journal%2023470/6DC16D47-08FD-4F79-83F7-7B21F5FD3E5C.jpeg, Journal%2023470/F090DB99-81E4-4027-A105-6F2EA280A1E3.jpeg, Journal%2023470/B93ED48E-2B1B-4413-A4D8-ED9AD1C06BC3.jpeg",,https://www.notion.so/Mar-7-Mar-13-aab55fe980394a9da1fc8bef0751925e,,,https://www.notion.so/2022-142ec0efa2ba499787d16443a97819c3,Get organised
MAR 8,,"March 8, 2022",Tue,"Appreciative, Productive, Sad",✪✪✪✪✪,https://www.notion.so/March-d814be04f2e84a9bbc80daedba24309d,"When bored or have left over time, Do @Untitled ","Journal%2023470/B034DF3A-0CCD-4002-845A-3D4453A0F5CA.jpeg, Journal%2023470/58F021DA-633E-4297-804E-FC02B7A3E005.jpeg, Journal%2023470/728FB354-8231-4A7D-B12F-BCFDCD09CED1.png",", I got something working in Swift that was not too easy to start with, Woke up early, the spring rolls were so good! ",https://www.notion.so/Mar-7-Mar-13-aab55fe980394a9da1fc8bef0751925e,,,https://www.notion.so/2022-142ec0efa2ba499787d16443a97819c3,Get organised
MAR 7,,"March 7, 2022",Mon,Sad,✪✪✪,https://www.notion.so/March-d814be04f2e84a9bbc80daedba24309d,"When bored or have left over time, Do @Untitled ",Journal%2023470/B5F1034A-842F-428E-A1DB-855B088EFD9C.gif,Woke up early,https://www.notion.so/Mar-7-Mar-13-aab55fe980394a9da1fc8bef0751925e,,,https://www.notion.so/2022-142ec0efa2ba499787d16443a97819c3,Get organised
MAR 6,,"March 6, 2022",Sun,"Appreciative, Content, Exhausted, Lazy",✪✪✪✪,https://www.notion.so/March-d814be04f2e84a9bbc80daedba24309d,"When bored or have left over time, Do @Untitled ","Journal%2023470/8F55D79D-A08D-464F-B130-C55BD49B293D.jpeg, Journal%2023470/FC54A6C8-6279-4715-B5C1-8E7CB6B809F9.jpeg, Journal%2023470/AC66F7ED-44CF-4875-B232-85C3EE616A6D.jpeg",,https://www.notion.so/Feb-28-Mar-6-b6b0236ae5434910b19e09562142dcf2,,,https://www.notion.so/2022-142ec0efa2ba499787d16443a97819c3,Get organised
MAR 5,,"March 5, 2022",Sat,"Anxious, Guilty",✪✪✪,https://www.notion.so/March-d814be04f2e84a9bbc80daedba24309d,"When bored or have left over time, Do @Untitled ","Journal%2023470/09F523E9-8CCE-46C5-AA08-5A97BA222B4B.jpeg, Journal%2023470/571D8877-8FFE-4D97-BDD0-5E98A36C8AE0.jpeg",", got out of the door early, was feeling exhausted when I came home and it was satisfying to have something for myself to relax, ",https://www.notion.so/Feb-28-Mar-6-b6b0236ae5434910b19e09562142dcf2,,,https://www.notion.so/2022-142ec0efa2ba499787d16443a97819c3,Get organised
MAR 4,,"March 4, 2022",Fri,"Content, Happy, Nervous",✪✪✪✪✪,https://www.notion.so/March-d814be04f2e84a9bbc80daedba24309d,"When bored or have left over time, Do @Untitled ","Journal%2023470/trim.F63808A8-53E6-443C-B210-BA223357D44F.mov, Journal%2023470/66188CCD-B7FD-4EEE-A146-4B11E6ADC61A.jpeg",", Work was awesome we have agreed to many things that I really like., ",https://www.notion.so/Feb-28-Mar-6-b6b0236ae5434910b19e09562142dcf2,,,https://www.notion.so/2022-142ec0efa2ba499787d16443a97819c3,Get organised
MAR 3,,"March 3, 2022",Thu,"Content, Proud",✪✪✪✪✪,https://www.notion.so/March-d814be04f2e84a9bbc80daedba24309d,"When bored or have left over time, Do @Untitled ",Journal%2023470/369F87F5-C4F0-4BC8-80A1-936A2AC00C00.jpeg,,https://www.notion.so/Feb-28-Mar-6-b6b0236ae5434910b19e09562142dcf2,,,https://www.notion.so/2022-142ec0efa2ba499787d16443a97819c3,Get organised
MAR 2,,"March 2, 2022",Wed,Content,✪✪✪✪✪,https://www.notion.so/March-d814be04f2e84a9bbc80daedba24309d,"When bored or have left over time, Do @Untitled ",Journal%2023470/5EF02B6D-8562-44C1-9201-5186335B73B6.jpeg,", Got all my covers today 🙌🏼, the burgers were SUPER delicious, I had great pleasure in watching some episodes today",https://www.notion.so/Feb-28-Mar-6-b6b0236ae5434910b19e09562142dcf2,,,https://www.notion.so/2022-142ec0efa2ba499787d16443a97819c3,Get organised
MAR 1,,"March 1, 2022",Tue,"Anxious, Appreciative, Bad",✪✪✪,https://www.notion.so/March-d814be04f2e84a9bbc80daedba24309d,"When bored or have left over time, Do @Untitled ","Journal%2023470/90FA8A6F-8AAE-4FA2-9D73-2DD3383D3971.jpeg, Journal%2023470/4E25757A-AC9F-431A-ADA6-17CC779C9E39.jpeg",", I love my mom, i am really happy with the haircut that I got",https://www.notion.so/Feb-28-Mar-6-b6b0236ae5434910b19e09562142dcf2,,,https://www.notion.so/2022-142ec0efa2ba499787d16443a97819c3,Get organised
FEB 28,,"February 28, 2022",Mon,Worried,✪✪✪✪,https://www.notion.so/February-4a61b31c4e4e436fb13a8e1145ca7168,"Use the Active recall in both @Untitled and @Untitled ",Journal%2023470/C779D2D2-65F6-44AF-B2AA-F0E9710DC6BE.jpeg,,https://www.notion.so/Feb-28-Mar-6-b6b0236ae5434910b19e09562142dcf2,,,https://www.notion.so/2022-142ec0efa2ba499787d16443a97819c3,Get organised
JAN 27,,"February 27, 2022",Sun,"Content, Free, Happy",✪✪✪✪✪✪,https://www.notion.so/February-4a61b31c4e4e436fb13a8e1145ca7168,"Use the Active recall in both @Untitled and @Untitled ",Journal%2023470/8D387F27-74E4-47CB-8EB6-36BED12F5DC7.jpeg,", Made incredible food!, did a lot of SwiftUI and almost done with project, Sarah and I played fun games 🙌🏼",https://www.notion.so/Feb-21-Feb-27-d7afd62325ed4a13a36c5b9958f4f1ff,"Finish the App you are doing! @Untitled ",,https://www.notion.so/2022-142ec0efa2ba499787d16443a97819c3,Get organised
JAN 26,,"February 26, 2022",Sat,"Content, Free, Happy",✪✪✪✪✪✪,https://www.notion.so/February-4a61b31c4e4e436fb13a8e1145ca7168,"Use the Active recall in both @Untitled and @Untitled ","Journal%2023470/DF19AE85-19E9-407F-89A4-85A5374239F2.jpeg, Journal%2023470/78114E13-BE48-4548-93E6-D9335BC1DD8D.jpeg, Journal%2023470/B53211E8-B52A-48F7-9B7B-43905719ECE9.jpeg",,https://www.notion.so/Feb-21-Feb-27-d7afd62325ed4a13a36c5b9958f4f1ff,"Finish the App you are doing! @Untitled ",,https://www.notion.so/2022-142ec0efa2ba499787d16443a97819c3,Get organised
FEB 25,,"February 25, 2022",Fri,"Content, Drunk, Frustrated",✪✪✪✪✪,https://www.notion.so/February-4a61b31c4e4e436fb13a8e1145ca7168,"Use the Active recall in both @Untitled and @Untitled ","Journal%2023470/23FBC9F2-2FC3-42BC-9BCC-1DA32FB0DFAD.jpeg, Journal%2023470/9549744A-7D9F-4C0A-ACB9-27912B9A1C81.jpeg",", Nice day at work we got fastalavnsboller, finished my app so people could see it at work",https://www.notion.so/Feb-21-Feb-27-d7afd62325ed4a13a36c5b9958f4f1ff,"Finish the App you are doing! @Untitled ",,https://www.notion.so/2022-142ec0efa2ba499787d16443a97819c3,Get organised
FEB 24,,"February 24, 2022",Thu,"Content, Tired",✪✪✪✪✪,https://www.notion.so/February-4a61b31c4e4e436fb13a8e1145ca7168,"Use the Active recall in both @Untitled and @Untitled ",Journal%2023470/4C0B74E0-9857-44F7-A0C5-06D5CD600B31.jpeg,", Had a good day at work with all my collegues, I finished my assignment",https://www.notion.so/Feb-21-Feb-27-d7afd62325ed4a13a36c5b9958f4f1ff,"Finish the App you are doing! @Untitled ",,https://www.notion.so/2022-142ec0efa2ba499787d16443a97819c3,Get organised
FEB 23,,"February 23, 2022",Wed,Content,✪✪✪✪✪,https://www.notion.so/February-4a61b31c4e4e436fb13a8e1145ca7168,"Use the Active recall in both @Untitled and @Untitled ","Journal%2023470/C43514EA-DB25-44D3-9660-3FD6FAE603C7.jpeg, Journal%2023470/9DDD01E2-4117-4724-A74D-02B5D05A1FFF.jpeg",", Won a game in Slay the spire, Made my assignment in 2 hours ca (SU), Talked with Manas and it was really nice",https://www.notion.so/Feb-21-Feb-27-d7afd62325ed4a13a36c5b9958f4f1ff,"Finish the App you are doing! @Untitled ",,https://www.notion.so/2022-142ec0efa2ba499787d16443a97819c3,Get organised
FEB 22,,"February 22, 2022",Tue,"Appreciative, Content, Free",✪✪✪✪✪,https://www.notion.so/February-4a61b31c4e4e436fb13a8e1145ca7168,"Use the Active recall in both @Untitled and @Untitled ",Journal%2023470/BC21519F-BC05-4905-BAF3-C6DD7F83FD09.jpeg,", Had a nice dinner with Laura, school went well today, I got to play a lot of games today",https://www.notion.so/Feb-21-Feb-27-d7afd62325ed4a13a36c5b9958f4f1ff,"Finish the App you are doing! @Untitled ",,https://www.notion.so/2022-142ec0efa2ba499787d16443a97819c3,Get organised
FEB 21,,"February 21, 2022",Mon,"Content, Free",✪✪✪✪✪,https://www.notion.so/February-4a61b31c4e4e436fb13a8e1145ca7168,"Use the Active recall in both @Untitled and @Untitled ",Journal%2023470/E5252525-93B4-4D86-BB8C-29EE26CE1505.jpeg,", Calming day, ate gnocchi and potatoes!, Helped a friend on my server and he was very appreciative. ",https://www.notion.so/Feb-21-Feb-27-d7afd62325ed4a13a36c5b9958f4f1ff,"Finish the App you are doing! @Untitled ",,https://www.notion.so/2022-142ec0efa2ba499787d16443a97819c3,Get organised
FEB 20,,"February 20, 2022",Sun,"Anxious, Content, Free",✪✪✪✪✪✪,https://www.notion.so/February-4a61b31c4e4e436fb13a8e1145ca7168,"Use the Active recall in both @Untitled and @Untitled ",,", Went great with meeting Anne-Maria going to the market with Sarah. Found a new game that i really like (Slay the Spire), Saw my parents again and I appreciate them",https://www.notion.so/Feb-14-Feb-20-3846afc7a4ad47ea80915610d6c9d8b5,"Completing all the tasks in the task list @Untitled ",,https://www.notion.so/2022-142ec0efa2ba499787d16443a97819c3,Get organised
FEB 19,"Go for experiences, write them down in Notion, so you can look back at yourself all the time","February 19, 2022",Sat,,✪✪✪✪✪,https://www.notion.so/February-4a61b31c4e4e436fb13a8e1145ca7168,"Use the Active recall in both @Untitled and @Untitled ","Journal%2023470/D7ACCB17-0AD3-48F3-B955-E5FC6EED6CC7.jpeg, Journal%2023470/9AF83E8C-C015-4E86-8401-28EE3E2769E2.jpeg, Journal%2023470/2D5737E4-1F47-413B-BFE4-98365E838DEA.jpeg",,https://www.notion.so/Feb-14-Feb-20-3846afc7a4ad47ea80915610d6c9d8b5,"Completing all the tasks in the task list @Untitled ",,https://www.notion.so/2022-142ec0efa2ba499787d16443a97819c3,Get organised
FEB 18,Go for walks early in the morning (boost),"February 18, 2022",Fri,"Bad, Relaxed",✪✪✪✪,https://www.notion.so/February-4a61b31c4e4e436fb13a8e1145ca7168,"Use the Active recall in both @Untitled and @Untitled ","Journal%2023470/trim.6B8BF6AE-3A45-473D-8C7C-42F2766BD186.mov, Journal%2023470/F5032EF8-DA8A-46ED-8BC2-31FD948CD81C.jpeg","It rained ALL day, Things were going accordingly even though there were hiccups with school. Swift Programming going well",https://www.notion.so/Feb-14-Feb-20-3846afc7a4ad47ea80915610d6c9d8b5,"Completing all the tasks in the task list @Untitled ",,https://www.notion.so/2022-142ec0efa2ba499787d16443a97819c3,Get organised
FEB 17,,"February 17, 2022",Thu,"Anxious, Appreciative, Excited",✪✪✪✪,https://www.notion.so/February-4a61b31c4e4e436fb13a8e1145ca7168,"Use the Active recall in both @Untitled and @Untitled ",Journal%2023470/03489F12-A086-45B4-A1DD-8A7B64DDA464.jpeg,",Laura was reallly happy for the gifts she asked if we wanted to eat dinner at some point at our place, It was raining, People were nice to me at work today",https://www.notion.so/Feb-14-Feb-20-3846afc7a4ad47ea80915610d6c9d8b5,"Completing all the tasks in the task list @Untitled ",,https://www.notion.so/2022-142ec0efa2ba499787d16443a97819c3,Get organised
FEB 16,,"February 16, 2022",Wed,"Guilty, Happy, Tired, Worried",✪✪✪✪,https://www.notion.so/February-4a61b31c4e4e436fb13a8e1145ca7168,"Use the Active recall in both @Untitled and @Untitled ",Journal%2023470/03DC4B55-5C0B-4290-9669-DBC484D413C4.jpeg,"Diplo came out with a new song, Sarah made a small dinner, I got a massage, it rained so much! Sarah and I read together,",https://www.notion.so/Feb-14-Feb-20-3846afc7a4ad47ea80915610d6c9d8b5,"Completing all the tasks in the task list @Untitled ",,https://www.notion.so/2022-142ec0efa2ba499787d16443a97819c3,Get organised
FEB 15,,"February 15, 2022",Tue,Stressed,✪✪✪,https://www.notion.so/February-4a61b31c4e4e436fb13a8e1145ca7168,"Use the Active recall in both @Untitled and @Untitled ",Journal%2023470/image.jpg,"Sarah wanted to be friends again,     I’m excited for the covers coming, ",https://www.notion.so/Feb-14-Feb-20-3846afc7a4ad47ea80915610d6c9d8b5,"Completing all the tasks in the task list @Untitled ",,https://www.notion.so/2022-142ec0efa2ba499787d16443a97819c3,Get organised
FEB 14,I miss SwiftUI programming.,"February 14, 2022",Mon,"Excited, Exhausted, Lazy, Productive",✪✪✪✪,https://www.notion.so/February-4a61b31c4e4e436fb13a8e1145ca7168,"Use the Active recall in both @Untitled and @Untitled ","Journal%2023470/6A4C704C-4D50-484E-94A5-7503570D90EF.jpeg, Journal%2023470/BEC79DEC-2D09-4E11-9882-0E0339B711F3.jpeg","Sarah did the dishes and she did the groceries, My trip to Valby went smoothly, Sarah made small cards for me saying she loves me and adores me.",https://www.notion.so/Feb-14-Feb-20-3846afc7a4ad47ea80915610d6c9d8b5,"Completing all the tasks in the task list @Untitled ",,https://www.notion.so/2022-142ec0efa2ba499787d16443a97819c3,Get organised
FEB 13,,"February 13, 2022",Sun,"Appreciative, Content, Happy",✪✪✪✪✪,https://www.notion.so/February-4a61b31c4e4e436fb13a8e1145ca7168,"Use the Active recall in both @Untitled and @Untitled ","Journal%2023470/B62B324B-48FD-4A26-A979-1853560CD149.jpeg, Journal%2023470/5DCC9FE8-2942-42CA-9569-1C6873EE5485.jpeg",Seeing my parents and having them. My two cheese boller at breakfast. Sarah bring happy seeing Emma after work,https://www.notion.so/Feb-7-13-Feb-41d857f7bd02408284b1209f4a25e4ca,"Read a book / Set up Notion year, month, week, front page",,https://www.notion.so/2022-142ec0efa2ba499787d16443a97819c3,Get organised
FEB 12,,"February 12, 2022",Sat,"Lazy, Worried",✪✪✪✪,https://www.notion.so/February-4a61b31c4e4e436fb13a8e1145ca7168,"Use the Active recall in both @Untitled and @Untitled ","Journal%2023470/3C3CCD4B-663B-40B4-B5C9-8B9A02325CF2.jpeg, Journal%2023470/CACFA534-3B09-431D-A557-D48B57374EDE.jpeg, Journal%2023470/DA50C7F3-E15F-4751-BC9F-319771524750.jpeg",,https://www.notion.so/Feb-7-13-Feb-41d857f7bd02408284b1209f4a25e4ca,"Read a book / Set up Notion year, month, week, front page",,https://www.notion.so/2022-142ec0efa2ba499787d16443a97819c3,Get organised
FEB 11,,"February 11, 2022",Fri,"Content, Free, Happy, Stressed",✪✪✪✪✪✪,https://www.notion.so/February-4a61b31c4e4e436fb13a8e1145ca7168,"Use the Active recall in both @Untitled and @Untitled ","Journal%2023470/30605718-A334-4B8F-9BE0-190862167729.jpeg, Journal%2023470/3DAA97F6-554F-4ED2-8751-977A461DB7A5.jpeg, Journal%2023470/2C6B79B2-7C1A-4426-AD4F-787E72E13F18.jpeg",Sarah pushing me into doing stuff and not to focus only at what is in hand. My work for providing me with these experiences. Finding a REALLY good hand cream. Sarah helping me with the assignment.,https://www.notion.so/Feb-7-13-Feb-41d857f7bd02408284b1209f4a25e4ca,"Read a book / Set up Notion year, month, week, front page",,https://www.notion.so/2022-142ec0efa2ba499787d16443a97819c3,Get organised
FEB 10,,"February 10, 2022",Thu,Stressed,✪✪✪,https://www.notion.so/February-4a61b31c4e4e436fb13a8e1145ca7168,"Use the Active recall in both @Untitled and @Untitled ",Journal%2023470/186F76DC-9831-46CF-83E3-7367050475AB.jpeg,"Sarah backing me up, A nice boss that understands my requests, being free",https://www.notion.so/Feb-7-13-Feb-41d857f7bd02408284b1209f4a25e4ca,"Read a book / Set up Notion year, month, week, front page",,https://www.notion.so/2022-142ec0efa2ba499787d16443a97819c3,Get organised
FEB 9,,"February 9, 2022",Wed,"Content, Exhausted, Guilty, Productive",✪✪✪✪,https://www.notion.so/February-4a61b31c4e4e436fb13a8e1145ca7168,"Use the Active recall in both @Untitled and @Untitled ",Journal%2023470/A3385013-963E-4C18-9DCD-2FD9A1CBBF8C.jpeg,,https://www.notion.so/Feb-7-13-Feb-41d857f7bd02408284b1209f4a25e4ca,"Read a book / Set up Notion year, month, week, front page","https://www.notion.so/Holistic-fc3a17f8d8584be9ac2ea28a294cedbd, https://www.notion.so/Utilitarian-2358e7cc01e941eead435008c45bf80e",https://www.notion.so/2022-142ec0efa2ba499787d16443a97819c3,Get organised
FEB 8,,"February 8, 2022",Tue,"Content, Exhausted, Happy, Tired",✪✪✪✪,https://www.notion.so/February-4a61b31c4e4e436fb13a8e1145ca7168,"Use the Active recall in both @Untitled and @Untitled ",Journal%2023470/44887FA8-9E89-4406-A1D5-DF9FB635DEF1.jpeg,Eating a nice meal with Sarah. Feeling good going to school. Having a bed to sleep in.,https://www.notion.so/Feb-7-13-Feb-41d857f7bd02408284b1209f4a25e4ca,"Read a book / Set up Notion year, month, week, front page",https://www.notion.so/Voluptuary-1bd8cf55df6a4d48a9e3ede402493191,https://www.notion.so/2022-142ec0efa2ba499787d16443a97819c3,Get organised
FEB 7,,"February 7, 2022",Mon,"Content, Exhausted",✪✪✪✪,https://www.notion.so/February-4a61b31c4e4e436fb13a8e1145ca7168,"Use the Active recall in both @Untitled and @Untitled ",Journal%2023470/6E445E67-11CC-4649-B804-E66EE97888E0.jpeg,"Manas and conversation, Sarahs messages when i came home, The talk with my parents",https://www.notion.so/Feb-7-13-Feb-41d857f7bd02408284b1209f4a25e4ca,"Read a book / Set up Notion year, month, week, front page",,https://www.notion.so/2022-142ec0efa2ba499787d16443a97819c3,Get organised
"Feb 6 ",,"February 6, 2022",Sun,"Content, Happy, Worried",✪✪✪✪✪,https://www.notion.so/February-4a61b31c4e4e436fb13a8e1145ca7168,"Use the Active recall in both @Untitled and @Untitled ","Journal%2023470/99BDF246-1686-4D61-ACC0-A946363B8EB3.jpeg, Journal%2023470/09CCD08B-E09C-47EF-9721-060A228DEB71.jpeg, Journal%2023470/C3EBB53D-0453-4233-8B72-A739BFA6AF47.jpeg","Sarah being, who she is, my phone, Manas actually caring for me.",https://www.notion.so/Jan-31-Feb-06-033a40855f1e4f54963bc8c2ed1ac7b0,"I am going to learn 100 digits of pi, by practicing everyday",,https://www.notion.so/2022-142ec0efa2ba499787d16443a97819c3,Get organised
FEB 5,,"February 5, 2022",Sat,"Emotional, Free, Happy, Sad",✪✪✪✪✪,https://www.notion.so/February-4a61b31c4e4e436fb13a8e1145ca7168,"Use the Active recall in both @Untitled and @Untitled ","Journal%2023470/F741C1F5-3138-4D3D-96B7-BB449776AA97.jpeg, Journal%2023470/83E259A3-0C37-49A5-8795-4C6A5B4BAF6D.jpeg, Journal%2023470/71BCC638-A863-442F-A561-7DB4F7432E05.jpeg",,https://www.notion.so/Jan-31-Feb-06-033a40855f1e4f54963bc8c2ed1ac7b0,"I am going to learn 100 digits of pi, by practicing everyday",,https://www.notion.so/2022-142ec0efa2ba499787d16443a97819c3,Get organised
FEB 4,,"February 4, 2022",Fri,Happy,✪✪✪✪✪,https://www.notion.so/February-4a61b31c4e4e436fb13a8e1145ca7168,"Use the Active recall in both @Untitled and @Untitled ","Journal%2023470/Sarah_Whisteling_480.mov, Journal%2023470/C0D20F4B-5C26-4132-8981-600F476226D1.jpeg","My phone, Sarah, An apartment.",https://www.notion.so/Jan-31-Feb-06-033a40855f1e4f54963bc8c2ed1ac7b0,"I am going to learn 100 digits of pi, by practicing everyday","https://www.notion.so/Amend-b76da2443a9e4d69a8a1089f013d84e7, https://www.notion.so/Ambiguous-544840c829434bda8a8d627f0abdb462",https://www.notion.so/2022-142ec0efa2ba499787d16443a97819c3,Get organised
FEB 3,,"February 3, 2022",Thu,"Content, Stressed",✪✪✪✪✪,https://www.notion.so/February-4a61b31c4e4e436fb13a8e1145ca7168,"Use the Active recall in both @Untitled and @Untitled ","Journal%2023470/C66B924A-2B3F-4952-8E64-4FF290B4640D.jpeg, Journal%2023470/D7D5C115-A18C-44DF-B382-E1B8CC14F1CF.jpeg","Appreciating my parents, Having a place to live, and actually not wanting to kill myself is actually a good feeling.",https://www.notion.so/Jan-31-Feb-06-033a40855f1e4f54963bc8c2ed1ac7b0,"I am going to learn 100 digits of pi, by practicing everyday",https://www.notion.so/Inert-d402e9348dd74f9eb53f1baaecce7280,https://www.notion.so/2022-142ec0efa2ba499787d16443a97819c3,Get organised
Feb 2,,"February 2, 2022",Wed,"Alone, Proud, Worried",✪✪✪,,,"Journal%2023470/trim.E250CCAE-E564-44F7-AD28-0D9850145807.mov, Journal%2023470/5E404E2C-DE91-453E-9EDD-082349740E5A.gif","My Sarah, my apartment, the bed. ",https://www.notion.so/Jan-31-Feb-06-033a40855f1e4f54963bc8c2ed1ac7b0,"I am going to learn 100 digits of pi, by practicing everyday",,https://www.notion.so/2022-142ec0efa2ba499787d16443a97819c3,Get organised
Feb 1,,"February 1, 2022",Tue,"Content, Guilty",✪✪✪✪✪,https://www.notion.so/February-4a61b31c4e4e436fb13a8e1145ca7168,"Use the Active recall in both @Untitled and @Untitled ","Journal%2023470/6A93974F-7BDB-4055-B8DB-53AFD219579F.jpeg, Journal%2023470/BD95DD83-E3E6-4A80-AF49-FAE8D385730F.jpeg","I love Sarah | 
I am really happy i am able to read on my IPad |
That my parent give me updates |",https://www.notion.so/Jan-31-Feb-06-033a40855f1e4f54963bc8c2ed1ac7b0,"I am going to learn 100 digits of pi, by practicing everyday",https://www.notion.so/Sequester-9da274a9755a4196aa04fdb2349b0f5a,https://www.notion.so/2022-142ec0efa2ba499787d16443a97819c3,Get organised
Jan 31,,"January 31, 2022",Mon,,✪✪✪✪,,,Journal%2023470/B04DBC2E-FD98-455D-9475-634285B5A81D.jpeg,Hey hey,https://www.notion.so/Jan-31-Feb-06-033a40855f1e4f54963bc8c2ed1ac7b0,"I am going to learn 100 digits of pi, by practicing everyday",https://www.notion.so/Sequester-9da274a9755a4196aa04fdb2349b0f5a,https://www.notion.so/2022-142ec0efa2ba499787d16443a97819c3,Get organised
Jan 30,,"January 30, 2022",Sun,"Happy, Lazy, Proud",✪✪✪✪✪,,,Journal%2023470/2F4A80FC-D445-4BB4-8B04-9F35639A9617.jpeg,,https://www.notion.so/Jan-24-Jan-30-f64d890fb84f4bec977d91cdb691c08c,Stromae “L’enfer” Paroles,https://www.notion.so/Innate-767f33a8f62745b4b629cabbabcfc316,https://www.notion.so/2022-142ec0efa2ba499787d16443a97819c3,Get organised
Jan 29,,"January 29, 2022",Sat,Content,✪✪✪✪✪,,,Journal%2023470/2EABE94E-C1FF-43A5-86B0-87AB1B1EF038.jpeg,,https://www.notion.so/Jan-24-Jan-30-f64d890fb84f4bec977d91cdb691c08c,Stromae “L’enfer” Paroles,,https://www.notion.so/2022-142ec0efa2ba499787d16443a97819c3,Get organised
Jan 28,,"January 28, 2022",Fri,"Content, Happy",✪✪✪✪✪✪,,,Journal%2023470/C592C0E7-39C0-4E8B-97A8-0365E8C89DAC.jpeg,,https://www.notion.so/Jan-24-Jan-30-f64d890fb84f4bec977d91cdb691c08c,Stromae “L’enfer” Paroles,,https://www.notion.so/2022-142ec0efa2ba499787d16443a97819c3,Get organised
Jan 27,,"January 27, 2022",Thu,"Guilty, Lazy, Stressed, Worried",✪✪✪✪,,,Journal%2023470/BDB46FD9-6F89-4634-AC02-E441652320D7.jpeg,,https://www.notion.so/Jan-24-Jan-30-f64d890fb84f4bec977d91cdb691c08c,Stromae “L’enfer” Paroles,,https://www.notion.so/2022-142ec0efa2ba499787d16443a97819c3,Get organised
Jan 26,,"January 26, 2022",Wed,,✪✪✪✪✪,,,Journal%2023470/E94B9BAB-D9F0-438E-8FAB-162F8A449957.jpeg,,https://www.notion.so/Jan-24-Jan-30-f64d890fb84f4bec977d91cdb691c08c,Stromae “L’enfer” Paroles,"https://www.notion.so/Extrapolate-9c8e68d52512479cb12cdd9994472ee1, https://www.notion.so/Reverence-2ccee915defc44329eea87e4ca163d00",https://www.notion.so/2022-142ec0efa2ba499787d16443a97819c3,Get organised
Jan 22,,"January 22, 2022",Sat,,✪✪✪✪,,,,,https://www.notion.so/Jan-17-Jan-23-85f9bf8bdbb541ebbecdbb3f6982ec58,,https://www.notion.so/amalgamation-6acc16f397864e2b99307f7aa1d83583,https://www.notion.so/2022-142ec0efa2ba499787d16443a97819c3,Get organised